{
  "src/phaze/config.py": 1780876422.9716618,
  "src/phaze/database.py": 1778788152.469811,
  "src/phaze/constants.py": 1779061304.712075,
  "src/phaze/__init__.py": 1774661367.6612735,
  "src/phaze/entrypoint.py": 1779245756.0002842,
  "src/phaze/cert_bootstrap.py": 1779061304.7112405,
  "src/phaze/main.py": 1779061304.7126112,
  "src/phaze/routers/tags.py": 1775953307.8781304,
  "src/phaze/routers/preview.py": 1774995934.4001923,
  "src/phaze/routers/agent_tracklists.py": 1778646852.6386797,
  "src/phaze/routers/duplicates.py": 1775010727.3418112,
  "src/phaze/routers/tracklists.py": 1775271083.801186,
  "src/phaze/routers/agent_proposals.py": 1778646852.6385372,
  "src/phaze/routers/execution.py": 1778910211.721088,
  "src/phaze/routers/companion.py": 1774816345.7980294,
  "src/phaze/routers/agent_heartbeat.py": 1778559283.242651,
  "src/phaze/routers/health.py": 1774662082.1698563,
  "src/phaze/routers/__init__.py": 1774662062.867066,
  "src/phaze/routers/agent_analysis.py": 1778646852.6380923,
  "src/phaze/routers/agent_metadata.py": 1778559283.2433193,
  "src/phaze/routers/agent_fingerprint.py": 1778559283.2424197,
  "src/phaze/routers/agent_exec_batches.py": 1779245756.000705,
  "src/phaze/routers/pipeline.py": 1778788152.4703913,
  "src/phaze/routers/admin_agents.py": 1779061304.7128952,
  "src/phaze/routers/agent_files.py": 1778788152.470089,
  "src/phaze/routers/scan.py": 1775158195.2099988,
  "src/phaze/routers/search.py": 1775953307.8779144,
  "src/phaze/routers/agent_identity.py": 1778646852.6383975,
  "src/phaze/routers/proposals.py": 1774995934.4005132,
  "src/phaze/routers/agent_execution.py": 1778559283.2419114,
  "src/phaze/routers/pipeline_scans.py": 1778788152.47057,
  "src/phaze/routers/agent_scan_batches.py": 1778788152.470168,
  "src/phaze/routers/agent_auth.py": 1778559283.2416444,
  "src/phaze/routers/cue.py": 1775953307.8777711,
  "src/phaze/tasks/functions.py": 1778788152.47192,
  "src/phaze/tasks/execution.py": 1778910211.7221074,
  "src/phaze/tasks/controller.py": 1778788152.471795,
  "src/phaze/tasks/discogs.py": 1775229832.3472302,
  "src/phaze/tasks/fingerprint.py": 1778646852.64016,
  "src/phaze/tasks/agent_worker.py": 1779245756.0015926,
  "src/phaze/tasks/__init__.py": 1774816345.8009274,
  "src/phaze/tasks/proposal.py": 1775158195.21247,
  "src/phaze/tasks/scan.py": 1778788152.47207,
  "src/phaze/tasks/metadata_extraction.py": 1778646852.6404378,
  "src/phaze/tasks/tracklist.py": 1775158195.2132041,
  "src/phaze/tasks/heartbeat.py": 1779061304.7151349,
  "src/phaze/tasks/pool.py": 1774816345.8014512,
  "src/phaze/tasks/_shared/__init__.py": 1778788152.4713554,
  "src/phaze/tasks/_shared/model_bootstrap.py": 1779061304.7145512,
  "src/phaze/tasks/_shared/queue_defaults.py": 1778788152.4715016,
  "src/phaze/tasks/_shared/agent_bootstrap.py": 1779061304.7143087,
  "src/phaze/enums/execution.py": 1778646852.6373527,
  "src/phaze/enums/__init__.py": 1778646852.6372697,
  "src/phaze/utils/__init__.py": 1779061304.7168403,
  "src/phaze/utils/humanize.py": 1779061304.717072,
  "src/phaze/models/execution.py": 1778646852.6376238,
  "src/phaze/models/metadata.py": 1774970775.17714,
  "src/phaze/models/analysis.py": 1774661980.784506,
  "src/phaze/models/file_companion.py": 1774816345.7968335,
  "src/phaze/models/fingerprint.py": 1775149167.310399,
  "src/phaze/models/discogs_link.py": 1775229832.345674,
  "src/phaze/models/tag_write_log.py": 1775246392.2183766,
  "src/phaze/models/__init__.py": 1778535974.5730748,
  "src/phaze/models/scan_batch.py": 1778535974.5738497,
  "src/phaze/models/proposal.py": 1778646852.6379125,
  "src/phaze/models/file.py": 1778646852.6377628,
  "src/phaze/models/agent.py": 1778559283.2413766,
  "src/phaze/models/tracklist.py": 1775149167.3106961,
  "src/phaze/models/base.py": 1774661945.8262517,
  "src/phaze/cli/__init__.py": 1780801904.0682182,
  "src/phaze/schemas/agent_tracklists.py": 1778646852.639181,
  "src/phaze/schemas/agent_proposals.py": 1778646852.63902,
  "src/phaze/schemas/companion.py": 1774816345.7989824,
  "src/phaze/schemas/agent_heartbeat.py": 1778559283.2442355,
  "src/phaze/schemas/__init__.py": 1774816345.798766,
  "src/phaze/schemas/agent_analysis.py": 1778646852.6387632,
  "src/phaze/schemas/agent_metadata.py": 1778559283.244773,
  "src/phaze/schemas/agent_tasks.py": 1778910211.72147,
  "src/phaze/schemas/agent_fingerprint.py": 1778559283.2440014,
  "src/phaze/schemas/agent_exec_batches.py": 1778910211.721254,
  "src/phaze/schemas/agent_files.py": 1778788152.4706857,
  "src/phaze/schemas/scan.py": 1774816345.7992086,
  "src/phaze/schemas/agent_identity.py": 1778646852.6389472,
  "src/phaze/schemas/agent_execution.py": 1778646852.63888,
  "src/phaze/schemas/pipeline_scans.py": 1778788152.4709587,
  "src/phaze/schemas/agent_scan_batches.py": 1778788152.4707625,
  "src/phaze/static/vendor/tailwindcss-browser-4.3.0.min.js": 1780800661.1275175,
  "src/phaze/scripts/download_models.py": 1779061304.7133586,
  "src/phaze/scripts/__init__.py": 1779061304.7131352,
  "src/phaze/prompts/__init__.py": 1774816345.7973855,
  "src/phaze/agent_watcher/observer.py": 1778788152.4694252,
  "src/phaze/agent_watcher/debouncer.py": 1778788152.4693341,
  "src/phaze/agent_watcher/__init__.py": 1778788152.4691164,
  "src/phaze/agent_watcher/poster.py": 1778788152.4695084,
  "src/phaze/agent_watcher/__main__.py": 1779245755.9996247,
  "src/phaze/services/ingestion.py": 1778535974.5742798,
  "src/phaze/services/agent_client.py": 1779061304.7137403,
  "src/phaze/services/search_queries.py": 1775229832.3469281,
  "src/phaze/services/execution.py": 1775953307.8783717,
  "src/phaze/services/metadata.py": 1774970775.1781678,
  "src/phaze/services/companion.py": 1774816345.7997313,
  "src/phaze/services/analysis.py": 1774816345.7994742,
  "src/phaze/services/fingerprint.py": 1778646852.6395824,
  "src/phaze/services/execution_dispatch.py": 1778910211.7218688,
  "src/phaze/services/discogs_matcher.py": 1775229832.3465161,
  "src/phaze/services/__init__.py": 1774662094.930968,
  "src/phaze/services/agent_liveness.py": 1779061304.7139978,
  "src/phaze/services/collision.py": 1774995934.400731,
  "src/phaze/services/cue_generator.py": 1775259533.796267,
  "src/phaze/services/agent_task_router.py": 1778646852.6393995,
  "src/phaze/services/proposal.py": 1775158195.2113614,
  "src/phaze/services/dedup.py": 1775010727.3421342,
  "src/phaze/services/execution_queries.py": 1774834791.026792,
  "src/phaze/services/pipeline.py": 1775150491.5898821,
  "src/phaze/services/proposal_queries.py": 1774904956.0022433,
  "src/phaze/services/tag_proposal.py": 1775271083.801369,
  "src/phaze/services/tracklist_scraper.py": 1775953307.8791542,
  "src/phaze/services/tag_writer.py": 1775246392.2192717,
  "src/phaze/services/hashing.py": 1775953307.8786414,
  "src/phaze/services/tracklist_matcher.py": 1775149167.3126183,
  "src/phaze/services/agent_bootstrap.py": 1779245756.0010417,
  "src/phaze/prompts/naming.md": 1774995934.3994188,
  "src/phaze/templates/base.html": 1780800661.128351,
  "src/phaze/templates/tracklists/list.html": 1775953307.8886037,
  "src/phaze/templates/tracklists/partials/inline_edit_field.html": 1775953307.8895457,
  "src/phaze/templates/tracklists/partials/search_results.html": 1775953307.890349,
  "src/phaze/templates/tracklists/partials/source_badge.html": 1775953307.8905172,
  "src/phaze/templates/tracklists/partials/fingerprint_track_detail.html": 1775953307.8894312,
  "src/phaze/templates/tracklists/partials/status_badge.html": 1775953307.8907893,
  "src/phaze/templates/tracklists/partials/pagination.html": 1775953307.8896556,
  "src/phaze/templates/tracklists/partials/track_detail.html": 1775953307.891066,
  "src/phaze/templates/tracklists/partials/stats_header.html": 1775953307.8906534,
  "src/phaze/templates/tracklists/partials/scan_progress.html": 1775953307.8897705,