{
  "tests/conftest.py": 1775274807.3648422,
  "tests/test_phase04_gaps.py": 1775229832.3510878,
  "tests/__init__.py": 1774662253.7009695,
  "tests/test_config_worker.py": 1774816345.805455,
  "tests/test_phase01_gaps.py": 1775274909.4796638,
  "tests/test_health.py": 1775274827.2371309,
  "tests/test_phase03_gaps.py": 1774816345.8067567,
  "tests/test_constants.py": 1775953307.8918397,
  "tests/test_phase02_gaps.py": 1774816345.8065157,
  "tests/test_tasks/test_fingerprint.py": 1775158195.21566,
  "tests/test_tasks/test_discogs.py": 1775229832.353295,
  "tests/test_tasks/test_proposal.py": 1775158195.2166705,
  "tests/test_tasks/test_session.py": 1774970775.1827285,
  "tests/test_tasks/__init__.py": 1774816345.8095448,
  "tests/test_tasks/test_tracklist.py": 1775158195.2171342,
  "tests/test_tasks/test_scan.py": 1775158195.2169013,
  "tests/test_tasks/test_worker.py": 1775158195.2175977,
  "tests/test_tasks/test_execution.py": 1775950863.308047,
  "tests/test_tasks/test_functions.py": 1775158195.2159004,
  "tests/test_tasks/test_metadata_extraction.py": 1775158195.216149,
  "tests/test_tasks/test_pool.py": 1775229832.3535337,
  "tests/test_models/test_fingerprint.py": 1775149167.3176959,
  "tests/test_models/test_core_models.py": 1775246392.2216363,
  "tests/test_models/__init__.py": 1775082533.9384513,
  "tests/test_models/test_tracklist.py": 1775149167.318132,
  "tests/test_models/test_tag_write_log.py": 1775246392.2218933,
  "tests/test_models/test_discogs_link.py": 1775229832.3506596,
  "tests/test_routers/test_preview.py": 1774995934.403386,
  "tests/test_routers/test_tags.py": 1775246392.222162,
  "tests/test_routers/test_search.py": 1775953307.89208,
  "tests/test_routers/__init__.py": 1774816345.807023,
  "tests/test_routers/test_proposals.py": 1774995934.4038017,
  "tests/test_routers/test_scan.py": 1775158195.214824,
  "tests/test_routers/test_execution.py": 1775158195.2139146,
  "tests/test_routers/test_companion.py": 1774816345.8074021,
  "tests/test_routers/test_cue.py": 1775259533.7985475,
  "tests/test_routers/test_duplicates.py": 1775010727.3451355,
  "tests/test_routers/test_tracklists.py": 1775271083.8017852,
  "tests/test_routers/test_pipeline_fingerprint.py": 1775158195.2146056,
  "tests/test_routers/test_pipeline.py": 1775158195.2143734,
  "tests/test_services/test_tag_writer.py": 1775246392.2227023,
  "tests/test_services/test_fingerprint.py": 1775149167.3194895,
  "tests/test_services/test_dedup.py": 1775010727.345444,
  "tests/test_services/test_tag_proposal.py": 1775271083.8020885,
  "tests/test_services/test_proposal.py": 1774995934.4046378,
  "tests/test_services/test_cue_generator.py": 1775259533.7988656,
  "tests/test_services/test_tracklist_scraper.py": 1775953307.8925495,
  "tests/test_services/test_tracklist_matcher.py": 1775149167.3198068,
  "tests/test_services/test_analysis.py": 1774816345.8082187,
  "tests/test_services/test_metadata.py": 1774970775.180868,
  "tests/test_services/__init__.py": 1774816345.8079228,
  "tests/test_services/test_proposal_queries.py": 1774904956.0030982,
  "tests/test_services/test_execution.py": 1774904956.0028408,
  "tests/test_services/test_companion.py": 1774816345.8085375,
  "tests/test_services/test_ingestion.py": 1775953307.8923023,
  "tests/test_services/test_collision.py": 1774995934.4042559,
  "tests/test_services/test_search_queries.py": 1775229832.3529298,
  "tests/test_services/test_pipeline.py": 1774970775.1810777,
  "tests/test_services/test_discogs_matcher.py": 1775229832.3525658,
  "alembic/env.py": 1774662206.9344969,
  "alembic/versions/009_add_search_vectors.py": 1775176529.7726564,
  "alembic/versions/011_add_tag_write_log.py": 1775246392.2173753,
  "alembic/versions/003_add_file_companions_table.py": 1774816345.7938306,
  "alembic/versions/001_initial_schema.py": 1774662230.675495,
  "alembic/versions/010_add_discogs_links.py": 1775229832.344596,
  "alembic/versions/004_add_execution_log.py": 1774834791.0252025,
  "alembic/versions/005_add_metadata_columns.py": 1774970775.1766772,
  "alembic/versions/007_add_fingerprint_results_table.py": 1775149167.3057716,
  "alembic/versions/002_add_scan_batches_and_unique_path.py": 1774816345.793586,
  "alembic/versions/006_add_tracklist_tables.py": 1775176529.7724411,
  "alembic/versions/008_add_tracklist_source_status_confidence.py": 1775149167.3060646,
  "services/audfprint/app.py": 1775149167.308309,
  "services/panako/app.py": 1775149167.3091924,
  "src/phaze/config.py": 1775229832.3449655,
  "src/phaze/database.py": 1774661922.0474675,
  "src/phaze/constants.py": 1775953307.8773513,
  "src/phaze/__init__.py": 1774661367.6612735,
  "src/phaze/main.py": 1775953307.8774722,
  "src/phaze/routers/tags.py": 1775953307.8781304,
  "src/phaze/routers/preview.py": 1774995934.4001923,
  "src/phaze/routers/duplicates.py": 1775010727.3418112,
  "src/phaze/routers/tracklists.py": 1775271083.801186,
  "src/phaze/routers/execution.py": 1775158195.2094069,
  "src/phaze/routers/companion.py": 1774816345.7980294,
  "src/phaze/routers/health.py": 1774662082.1698563,
  "src/phaze/routers/__init__.py": 1774662062.867066,
  "src/phaze/routers/pipeline.py": 1775259533.7955997,
  "src/phaze/routers/scan.py": 1775158195.2099988,
  "src/phaze/routers/search.py": 1775953307.8779144,
  "src/phaze/routers/proposals.py": 1774995934.4005132,
  "src/phaze/routers/cue.py": 1775953307.8777711,
  "src/phaze/tasks/functions.py": 1775158195.21204,
  "src/phaze/tasks/worker.py": 1775953307.8804758,
  "src/phaze/tasks/execution.py": 1775953307.879729,
  "src/phaze/tasks/discogs.py": 1775229832.3472302,
  "src/phaze/tasks/fingerprint.py": 1775158195.2118213,
  "src/phaze/tasks/session.py": 1774970775.1797125,
  "src/phaze/tasks/__init__.py": 1774816345.8009274,
  "src/phaze/tasks/proposal.py": 1775158195.21247,
  "src/phaze/tasks/scan.py": 1775953307.8800979,
  "src/phaze/tasks/metadata_extraction.py": 1775158195.2122674,
  "src/phaze/tasks/tracklist.py": 1775158195.2132041,
  "src/phaze/tasks/pool.py": 1774816345.8014512,
  "src/phaze/models/execution.py": 1774662042.7775967,
  "src/phaze/models/metadata.py": 1774970775.17714,
  "src/phaze/models/analysis.py": 1774661980.784506,
  "src/phaze/models/file_companion.py": 1774816345.7968335,
  "src/phaze/models/fingerprint.py": 1775149167.310399,
  "src/phaze/models/discogs_link.py": 1775229832.345674,
  "src/phaze/models/tag_write_log.py": 1775246392.2183766,
  "src/phaze/models/__init__.py": 1775953307.8776019,
  "src/phaze/models/scan_batch.py": 1774816345.7973056,
  "src/phaze/models/proposal.py": 1774816345.7970912,
  "src/phaze/models/file.py": 1775010727.341537,
  "src/phaze/models/tracklist.py": 1775149167.3106961,
  "src/phaze/models/base.py": 1774661945.8262517,
  "src/phaze/schemas/companion.py": 1774816345.7989824,
  "src/phaze/schemas/__init__.py": 1774816345.798766,
  "src/phaze/schemas/scan.py": 1774816345.7992086,
  "src/phaze/prompts/__init__.py": 1774816345.7973855,
  "src/phaze/services/ingestion.py": 1775953307.8789272,
  "src/phaze/services/search_queries.py": 1775229832.3469281,
  "src/phaze/services/execution.py": 1775953307.8783717,
  "src/phaze/services/metadata.py": 1774970775.1781678,
  "src/phaze/services/companion.py": 1774816345.7997313,
  "src/phaze/services/analysis.py": 1774816345.7994742,
  "src/phaze/services/fingerprint.py": 1775953307.8785737,
  "src/phaze/services/discogs_matcher.py": 1775229832.3465161,
  "src/phaze/services/__init__.py": 1774662094.930968,
  "src/phaze/services/collision.py": 1774995934.400731,
  "src/phaze/services/cue_generator.py": 1775259533.796267,
  "src/phaze/services/proposal.py": 1775158195.2113614,
  "src/phaze/services/dedup.py": 1775010727.3421342,
  "src/phaze/services/execution_queries.py": 1774834791.026792,
  "src/phaze/services/pipeline.py": 1775150491.5898821,
  "src/phaze/services/proposal_queries.py": 1774904956.0022433,
  "src/phaze/services/tag_proposal.py": 1775271083.801369,